[
    {
        "model": "sites.site",
        "pk": 1,
        "fields": {
            "domain": "example.com",
            "name": "example.com"
        }
    },
    {
        "model": "users.user",
        "pk": 1,
        "fields": {
            "password": "pbkdf2_sha256$720000$VzKR6rGiYhqjE8l6VEaBLl$Fzvl2dNfG9e0Mc03x8Qmk8aRZBpm52vF5phlK1EfiVg=",
            "last_login": "2024-07-04T08:34:21.915Z",
            "is_superuser": true,
            "email": "admin@admin.net",
            "first_name": "admin",
            "last_name": " ",
            "is_active": true,
            "is_staff": true,
            "groups": [],
            "user_permissions": []
        }
    },
    {
        "model": "users.user",
        "pk": 2,
        "fields": {
            "password": "pbkdf2_sha256$720000$RzK76rAiYhojF9l7WAaCLl$Hytx9dOfH9e0Nf03y9Qlq9bSYDqo63wG6qhmL1FhjVk=",
            "last_login": null,
            "is_superuser": false,
            "email": "user1@example.com",
            "first_name": "User One",
            "last_name": " ",
            "is_active": true,
            "is_staff": false,
            "groups": [],
            "user_permissions": []
        }
    },
    {
        "model": "users.user",
        "pk": 3,
        "fields": {
            "password": "pbkdf2_sha256$720000$PzKR7rBiZhqkG9m8XFaDLm$Jytz0eOfI9f1Og04z0Rmq9cSZFqn74xH7rjnM2FijWl=",
            "last_login": null,
            "is_superuser": false,
            "email": "user2@example.com",
            "first_name": "User Two",
            "last_name": " ",
            "is_active": true,
            "is_staff": false,
            "groups": [],
            "user_permissions": []
        }
    },
    {
        "model": "users.user",
        "pk": 4,
        "fields": {
            "password": "pbkdf2_sha256$720000$NzKR8rCiZhqlH0n9YGbEMn$Kytb1fOfJ9g2Ph05a1Smr9dTzGro85yI8sknN3FjkXm=",
            "last_login": null,
            "is_superuser": false,
            "email": "user3@example.com",
            "first_name": "User Three",
            "last_name": " ",
            "is_active": true,
            "is_staff": false,
            "groups": [],
            "user_permissions": []
        }
    },
    {
        "model": "users.user",
        "pk": 5,
        "fields": {
            "password": "pbkdf2_sha256$720000$OzKR9rDiZhrmI1o0ZGcFNo$Lytc2gOfK9h3Qi06b2Tns9eUAGsp96zJ9tloO4GklYn=",
            "last_login": null,
            "is_superuser": false,
            "email": "user4@example.com",
            "first_name": "User Four",
            "last_name": " ",
            "is_active": true,
            "is_staff": false,
            "groups": [],
            "user_permissions": []
        }
    },
    {
        "model": "users.user",
        "pk": 6,
        "fields": {
            "password": "pbkdf2_sha256$720000$QzKR0rEiZhrnJ2p1aHdGOp$Mytd3hOfL9i4Rj07c3Uot9fVCHtq07bK0umpP5HlmZo=",
            "last_login": null,
            "is_superuser": false,
            "email": "user5@example.com",
            "first_name": "User Five",
            "last_name": " ",
            "is_active": true,
            "is_staff": false,
            "groups": [],
            "user_permissions": []
        }
    },
    {
        "model": "users.user",
        "pk": 7,
        "fields": {
            "password": "pbkdf2_sha256$720000$RzKR1rFiZhsnK3q2bIeHPq$Nytc4iOfM9j5Sk08d4Upt9gWDIuq18cL1vnoQ6IlpZp=",
            "last_login": null,
            "is_superuser": false,
            "email": "user6@example.com",
            "first_name": "User Six",
            "last_name": " ",
            "is_active": true,
            "is_staff": false,
            "groups": [],
            "user_permissions": []
        }
    },
    {
        "model": "users.user",
        "pk": 8,
        "fields": {
            "password": "pbkdf2_sha256$720000$SzKR2rGiZhtnL4r3cJfIPr$Oytf5jOfN9k6Tl09e5Vqu9hXELvr29dM2wopR7JmqAr=",
            "last_login": null,
            "is_superuser": false,
            "email": "user7@example.com",
            "first_name": "User Seven",
            "last_name": " ",
            "is_active": true,
            "is_staff": false,
            "groups": [],
            "user_permissions": []
        }
    },
    {
        "model": "users.user",
        "pk": 9,
        "fields": {
            "password": "pbkdf2_sha256$720000$TzKR3rHiZhtpM5s4dKgJPs$Pytg6kOfO9l7Um0ae6Wrv9iYFMws30eN3xoqS8KnrBt=",
            "last_login": null,
            "is_superuser": false,
            "email": "user8@example.com",
            "first_name": "User Eight",
            "last_name": " ",
            "is_active": true,
            "is_staff": false,
            "groups": [],
            "user_permissions": []
        }
    },
    {
        "model": "users.user",
        "pk": 10,
        "fields": {
            "password": "pbkdf2_sha256$720000$UzKR4rIiZhtqN6t5eLhKQt$Qytg7lOfP9m8Vn0bf7Xtw9jZGNxv41fO4ypqT9LopCu=",
            "last_login": null,
            "is_superuser": false,
            "email": "user9@example.com",
            "first_name": "User Nine",
            "last_name": " ",
            "is_active": true,
            "is_staff": false,
            "groups": [],
            "user_permissions": []
        }
    },
    {
        "model": "users.user",
        "pk": 11,
        "fields": {
            "password": "pbkdf2_sha256$720000$VzKR5rJiZhtsO7u6fMhLQt$Rytk8mOfQ9n9Wo1cf8Yux9kZHNyx52gP5zqvU0MqpEv=",
            "last_login": null,
            "is_superuser": false,
            "email": "user10@example.com",
            "first_name": "User Ten",
            "last_name": " ",
            "is_active": true,
            "is_staff": false,
            "groups": [],
            "user_permissions": []
        }
    },
    {
        "model": "tourists.tourist",
        "pk": 1,
        "fields": {
            "user": 2,
            "status": "1",
            "birthday": "1985-06-15",
            "phone": "+12345678901"
        }
    },
    {
        "model": "tourists.tourist",
        "pk": 2,
        "fields": {
            "user": 3,
            "status": "2",
            "birthday": "1990-12-20",
            "phone": "+12345678902"
        }
    },
    {
        "model": "tourists.tourist",
        "pk": 3,
        "fields": {
            "user": 4,
            "status": "3",
            "birthday": "1978-04-10",
            "phone": "+12345678903"
        }
    },
    {
        "model": "tourists.tourist",
        "pk": 4,
        "fields": {
            "user": 5,
            "status": "4",
            "birthday": "1982-11-05",
            "phone": "+12345678904"
        }
    },
    {
        "model": "tourists.tourist",
        "pk": 5,
        "fields": {
            "user": 6,
            "status": "1",
            "birthday": "1995-03-25",
            "phone": "+12345678905"
        }
    },
    {
        "model": "tourists.tourist",
        "pk": 6,
        "fields": {
            "user": 7,
            "status": "2",
            "birthday": "2000-01-30",
            "phone": "+12345678906"
        }
    },
    {
        "model": "tourists.tourist",
        "pk": 7,
        "fields": {
            "user": 8,
            "status": "3",
            "birthday": "1988-09-15",
            "phone": "+12345678907"
        }
    },
    {
        "model": "tourists.tourist",
        "pk": 8,
        "fields": {
            "user": 9,
            "status": "4",
            "birthday": "1992-07-20",
            "phone": "+12345678908"
        }
    },
    {
        "model": "tourists.tourist",
        "pk": 9,
        "fields": {
            "user": 10,
            "status": "1",
            "birthday": "1983-08-25",
            "phone": "+12345678909"
        }
    },
    {
        "model": "tourists.tourist",
        "pk": 10,
        "fields": {
            "user": 11,
            "status": "2",
            "birthday": "1997-05-15",
            "phone": "+12345678910"
        }
    },
    {
        "model": "categories.category",
        "pk": 1,
        "fields": {
            "name": "Сімейний відпочинок",
            "slug": "simeyniy-vidpochinok",
            "title": "Сімейний відпочинок",
            "description": "Кемпінг для сімей з дітьми",
            "is_active": true,
            "is_hidden": false,
            "created": "2024-09-01T12:00:00Z",
            "updated": "2024-09-05T12:00:00Z"
        }
    },
    {
        "model": "categories.category",
        "pk": 2,
        "fields": {
            "name": "Пригодницький",
            "slug": "prigodnitskiy",
            "title": "Пригодницький",
            "description": "Кемпінг для активних пригод",
            "is_active": true,
            "is_hidden": false,
            "created": "2024-09-02T14:30:00Z",
            "updated": "2024-09-06T14:30:00Z"
        }
    },
    {
        "model": "categories.category",
        "pk": 3,
        "fields": {
            "name": "Романтичний",
            "slug": "romantichniy",
            "title": "Романтичний",
            "description": "Кемпінг для пар і романтичних зустрічей",
            "is_active": true,
            "is_hidden": false,
            "created": "2024-09-03T09:15:00Z",
            "updated": "2024-09-07T09:15:00Z"
        }
    },
    {
        "model": "categories.category",
        "pk": 4,
        "fields": {
            "name": "Дикий кемпінг",
            "slug": "dykiy-kemping",
            "title": "Дикий кемпінг",
            "description": "Кемпінг у дикій природі, подалі від цивілізації",
            "is_active": true,
            "is_hidden": false,
            "created": "2024-09-04T11:45:00Z",
            "updated": "2024-09-08T11:45:00Z"
        }
    },
    {
        "model": "categories.category",
        "pk": 5,
        "fields": {
            "name": "Кемпінг біля озера",
            "slug": "kemping-bilya-ozeru",
            "title": "Кемпінг біля озера",
            "description": "Кемпінг з доступом до озера",
            "is_active": true,
            "is_hidden": false,
            "created": "2024-09-05T08:00:00Z",
            "updated": "2024-09-09T08:00:00Z"
        }
    },
    {
        "model": "categories.category",
        "pk": 6,
        "fields": {
            "name": "Гірський кемпінг",
            "slug": "girskiy-kemping",
            "title": "Гірський кемпінг",
            "description": "Кемпінг в гірській місцевості",
            "is_active": true,
            "is_hidden": false,
            "created": "2024-09-06T10:20:00Z",
            "updated": "2024-09-10T10:20:00Z"
        }
    },
    {
        "model": "categories.category",
        "pk": 7,
        "fields": {
            "name": "Пляжний кемпінг",
            "slug": "plyazhniy-kemping",
            "title": "Пляжний кемпінг",
            "description": "Кемпінг на пляжі",
            "is_active": true,
            "is_hidden": false,
            "created": "2024-09-07T15:30:00Z",
            "updated": "2024-09-11T15:30:00Z"
        }
    },
    {
        "model": "categories.category",
        "pk": 8,
        "fields": {
            "name": "Кемпінг для груп",
            "slug": "kemping-dlya-grup",
            "title": "Кемпінг для груп",
            "description": "Кемпінг для великих груп і корпоративів",
            "is_active": true,
            "is_hidden": false,
            "created": "2024-09-08T13:00:00Z",
            "updated": "2024-09-12T13:00:00Z"
        }
    },
    {
        "model": "categories.category",
        "pk": 9,
        "fields": {
            "name": "Екотуризм",
            "slug": "ekoturizm",
            "title": "Екотуризм",
            "description": "Кемпінг з акцентом на екологію і природу",
            "is_active": true,
            "is_hidden": false,
            "created": "2024-09-09T16:00:00Z",
            "updated": "2024-09-13T16:00:00Z"
        }
    },
    {
        "model": "categories.category",
        "pk": 10,
        "fields": {
            "name": "Кемпінг для рибалок",
            "slug": "kemping-dlya-ribalok",
            "title": "Кемпінг для рибалок",
            "description": "Кемпінг з можливістю риболовлі",
            "is_active": true,
            "is_hidden": false,
            "created": "2024-09-10T09:45:00Z",
            "updated": "2024-09-14T09:45:00Z"
        }
    },
    {
        "model": "categories.category",
        "pk": 11,
        "fields": {
            "name": "Водний спорт",
            "slug": "vodniy-sport",
            "title": "Водний спорт",
            "description": "Кемпінг з можливістю займатися водними видами спорту",
            "is_active": true,
            "is_hidden": false,
            "created": "2024-09-11T11:15:00Z",
            "updated": "2024-09-15T11:15:00Z"
        }
    },
    {
        "model": "categories.category",
        "pk": 12,
        "fields": {
            "name": "Кемпінг на вихідні",
            "slug": "kemping-na-vikhidni",
            "title": "Кемпінг на вихідні",
            "description": "Кемпінг для короткострокового відпочинку",
            "is_active": true,
            "is_hidden": false,
            "created": "2024-09-12T10:00:00Z",
            "updated": "2024-09-16T10:00:00Z"
        }
    },
    {
        "model": "categories.category",
        "pk": 13,
        "fields": {
            "name": "Кемпінг з тваринами",
            "slug": "kemping-z-tvarinami",
            "title": "Кемпінг з тваринами",
            "description": "Кемпінг, де дозволено перебувати з домашніми тваринами",
            "is_active": true,
            "is_hidden": false,
            "created": "2024-09-13T12:30:00Z",
            "updated": "2024-09-17T12:30:00Z"
        }
    },
    {
        "model": "categories.category",
        "pk": 14,
        "fields": {
            "name": "Спеціалізований кемпінг",
            "slug": "spetsializovanyi-kemping",
            "title": "Спеціалізований кемпінг",
            "description": "Кемпінг для певних видів активностей або груп",
            "is_active": true,
            "is_hidden": false,
            "created": "2024-09-14T09:00:00Z",
            "updated": "2024-09-18T09:00:00Z"
        }
    },
    {
        "model": "categories.category",
        "pk": 15,
        "fields": {
            "name": "Кемпінг для фотографів",
            "slug": "kemping-dlya-fotohrafiv",
            "title": "Кемпінг для фотографів",
            "description": "Кемпінг з можливістю фотографувати природу",
            "is_active": true,
            "is_hidden": false,
            "created": "2024-09-15T10:15:00Z",
            "updated": "2024-09-19T10:15:00Z"
        }
    },
    {
        "model": "categories.category",
        "pk": 16,
        "fields": {
            "name": "Тематичний кемпінг",
            "slug": "tematychnyi-kemping",
            "title": "Тематичний кемпінг",
            "description": "Кемпінг, присвячений певній темі або події",
            "is_active": true,
            "is_hidden": false,
            "created": "2024-09-16T08:45:00Z",
            "updated": "2024-09-20T08:45:00Z"
        }
    },
    {
        "model": "categories.category",
        "pk": 17,
        "fields": {
            "name": "Кемпінг на самоті",
            "slug": "kemping-na-samoti",
            "title": "Кемпінг на самоті",
            "description": "Кемпінг для тих, хто хоче побути наодинці з природою",
            "is_active": true,
            "is_hidden": false,
            "created": "2024-09-17T12:00:00Z",
            "updated": "2024-09-21T12:00:00Z"
        }
    },
    {
        "model": "categories.category",
        "pk": 18,
        "fields": {
            "name": "Кемпінг для новачків",
            "slug": "kemping-dlya-novachkiv",
            "title": "Кемпінг для новачків",
            "description": "Кемпінг для тих, хто вперше вирушає на природу",
            "is_active": true,
            "is_hidden": false,
            "created": "2024-09-18T11:30:00Z",
            "updated": "2024-09-22T11:30:00Z"
        }
    },
    {
        "model": "categories.category",
        "pk": 19,
        "fields": {
            "name": "Кемпінг для спостереження за птахами",
            "slug": "kemping-dlya-sposterezhennya-za-pihtamy",
            "title": "Кемпінг для спостереження за птахами",
            "description": "Кемпінг для орнітологів і любителів птахів",
            "is_active": true,
            "is_hidden": false,
            "created": "2024-09-19T10:00:00Z",
            "updated": "2024-09-23T10:00:00Z"
        }
    },
    {
        "model": "categories.category",
        "pk": 20,
        "fields": {
            "name": "Кемпінг для активного відпочинку",
            "slug": "kemping-dlya-aktivnogo-vidpochynku",
            "title": "Кемпінг для активного відпочинку",
            "description": "Кемпінг з можливістю займатися спортом",
            "is_active": true,
            "is_hidden": false,
            "created": "2024-09-20T12:00:00Z",
            "updated": "2024-09-24T12:00:00Z"
        }
    }
]