[
    {
        "model": "admin.logentry",
        "pk": 1,
        "fields": {
            "action_time": "2024-07-04T09:12:36.998Z",
            "user": 1,
            "content_type": 14,
            "object_id": "f53467c4-0c39-4324-a045-aa698005149e",
            "object_repr": "Glamp 8",
            "action_flag": 2,
            "change_message": "[{\"deleted\": {\"name\": \"\\u0410\\u0442\\u0440\\u0438\\u0431\\u0443\\u0442 \\u0413\\u043b\\u0435\\u043c\\u043f\\u0443\", \"object\": \"\\u0414\\u043e\\u043c\\u0430\\u0448\\u043d\\u0456 \\u0442\\u0432\\u0430\\u0440\\u0438\\u043d\\u0438/\\u0424\\u0435\\u0440\\u043c\\u0430\"}}, {\"deleted\": {\"name\": \"\\u0410\\u0442\\u0440\\u0438\\u0431\\u0443\\u0442 \\u0413\\u043b\\u0435\\u043c\\u043f\\u0443\", \"object\": \"\\u041c\\u0438\\u0442\\u0442\\u0454\\u0432\\u0435 \\u0431\\u0440\\u043e\\u043d\\u044e\\u0432\\u0430\\u043d\\u043d\\u044f\"}}, {\"deleted\": {\"name\": \"\\u0410\\u0442\\u0440\\u0438\\u0431\\u0443\\u0442 \\u0413\\u043b\\u0435\\u043c\\u043f\\u0443\", \"object\": \"\\u0426\\u0456\\u043b\\u043e\\u0434\\u043e\\u0431\\u043e\\u0432\\u0430 \\u0441\\u0442\\u0456\\u0439\\u043a\\u0430 \\u0440\\u0435\\u0454\\u0441\\u0442\\u0440\\u0430\\u0446\\u0456\\u0457\"}}]"
        }
    },
    {
        "model": "sessions.session",
        "pk": "et77u2ek9xoh5zq9n8opi229c41hhwra",
        "fields": {
            "session_data": ".eJxVjLsKwzAMAP_FczE2iSOrY_d-Q5BkuU5bHMhjCv33YsjQrnfHHWakfSvjvuoyTslcjTeXX8YkL61NpCfVx2xlrtsysW2JPe1q73PS9-1s_waF1tK2IgnAg6MBh8jYo7iEGkIQhgSZ-y6Ki4AIWTNj7AI7FcrqSMGj-XwB5fo4Wg:1sPHv3:LZBzpzDtDdT66U7PTTz39IySNwjft7zQRa3UY-CJDB0",
            "expire_date": "2024-07-18T08:34:21.917Z"
        }
    },
    {
        "model": "sessions.session",
        "pk": "j6rjfkllxc5c92ozh80aeb8064n6x6nr",
        "fields": {
            "session_data": ".eJxVjLsKwzAMAP_FczE2iSOrY_d-Q5BkuU5bHMhjCv33YsjQrnfHHWakfSvjvuoyTslcjTeXX8YkL61NpCfVx2xlrtsysW2JPe1q73PS9-1s_waF1tK2IgnAg6MBh8jYo7iEGkIQhgSZ-y6Ki4AIWTNj7AI7FcrqSMGj-XwB5fo4Wg:1sOxBr:1OlNyQPCJXdldZgBolcHm-iECutkU3CiI_ylytjEeHY",
            "expire_date": "2024-07-17T10:26:19.510Z"
        }
    },
    {
        "model": "sites.site",
        "pk": 1,
        "fields": {
            "domain": "example.com",
            "name": "example.com"
        }
    },
    {
        "model": "users.user",
        "pk": 1,
        "fields": {
            "password": "pbkdf2_sha256$720000$VzKR6rGiYhqjE8l6VEaBLl$Fzvl2dNfG9e0Mc03x8Qmk8aRZBpm52vF5phlK1EfiVg=",
            "last_login": "2024-07-04T08:34:21.915Z",
            "is_superuser": true,
            "email": "admin@admin.net",
            "first_name": "admin",
            "last_name": " ",
            "is_active": true,
            "is_staff": true,
            "groups": [],
            "user_permissions": []
        }
    },
    {
        "model": "users.user",
        "pk": 2,
        "fields": {
            "password": "pbkdf2_sha256$720000$RzK76rAiYhojF9l7WAaCLl$Hytx9dOfH9e0Nf03y9Qlq9bSYDqo63wG6qhmL1FhjVk=",
            "last_login": null,
            "is_superuser": false,
            "email": "user1@example.com",
            "first_name": "User One",
            "last_name": " ",
            "is_active": true,
            "is_staff": false,
            "groups": [],
            "user_permissions": []
        }
    },
    {
        "model": "users.user",
        "pk": 3,
        "fields": {
            "password": "pbkdf2_sha256$720000$PzKR7rBiZhqkG9m8XFaDLm$Jytz0eOfI9f1Og04z0Rmq9cSZFqn74xH7rjnM2FijWl=",
            "last_login": null,
            "is_superuser": false,
            "email": "user2@example.com",
            "first_name": "User Two",
            "last_name": " ",
            "is_active": true,
            "is_staff": false,
            "groups": [],
            "user_permissions": []
        }
    },
    {
        "model": "users.user",
        "pk": 4,
        "fields": {
            "password": "pbkdf2_sha256$720000$NzKR8rCiZhqlH0n9YGbEMn$Kytb1fOfJ9g2Ph05a1Smr9dTzGro85yI8sknN3FjkXm=",
            "last_login": null,
            "is_superuser": false,
            "email": "user3@example.com",
            "first_name": "User Three",
            "last_name": " ",
            "is_active": true,
            "is_staff": false,
            "groups": [],
            "user_permissions": []
        }
    },
    {
        "model": "users.user",
        "pk": 5,
        "fields": {
            "password": "pbkdf2_sha256$720000$OzKR9rDiZhrmI1o0ZGcFNo$Lytc2gOfK9h3Qi06b2Tns9eUAGsp96zJ9tloO4GklYn=",
            "last_login": null,
            "is_superuser": false,
            "email": "user4@example.com",
            "first_name": "User Four",
            "last_name": " ",
            "is_active": true,
            "is_staff": false,
            "groups": [],
            "user_permissions": []
        }
    },
    {
        "model": "users.user",
        "pk": 6,
        "fields": {
            "password": "pbkdf2_sha256$720000$QzKR0rEiZhrnJ2p1aHdGOp$Mytd3hOfL9i4Rj07c3Uot9fVCHtq07bK0umpP5HlmZo=",
            "last_login": null,
            "is_superuser": false,
            "email": "user5@example.com",
            "first_name": "User Five",
            "last_name": " ",
            "is_active": true,
            "is_staff": false,
            "groups": [],
            "user_permissions": []
        }
    },
    {
        "model": "users.user",
        "pk": 7,
        "fields": {
            "password": "pbkdf2_sha256$720000$RzKR1rFiZhsnK3q2bIeHPq$Nytc4iOfM9j5Sk08d4Upt9gWDIuq18cL1vnoQ6IlpZp=",
            "last_login": null,
            "is_superuser": false,
            "email": "user6@example.com",
            "first_name": "User Six",
            "last_name": " ",
            "is_active": true,
            "is_staff": false,
            "groups": [],
            "user_permissions": []
        }
    },
    {
        "model": "users.user",
        "pk": 8,
        "fields": {
            "password": "pbkdf2_sha256$720000$SzKR2rGiZhtnL4r3cJfIPr$Oytf5jOfN9k6Tl09e5Vqu9hXELvr29dM2wopR7JmqAr=",
            "last_login": null,
            "is_superuser": false,
            "email": "user7@example.com",
            "first_name": "User Seven",
            "last_name": " ",
            "is_active": true,
            "is_staff": false,
            "groups": [],
            "user_permissions": []
        }
    },
    {
        "model": "users.user",
        "pk": 9,
        "fields": {
            "password": "pbkdf2_sha256$720000$TzKR3rHiZhtpM5s4dKgJPs$Pytg6kOfO9l7Um0ae6Wrv9iYFMws30eN3xoqS8KnrBt=",
            "last_login": null,
            "is_superuser": false,
            "email": "user8@example.com",
            "first_name": "User Eight",
            "last_name": " ",
            "is_active": true,
            "is_staff": false,
            "groups": [],
            "user_permissions": []
        }
    },
    {
        "model": "users.user",
        "pk": 10,
        "fields": {
            "password": "pbkdf2_sha256$720000$UzKR4rIiZhtqN6t5eLhKQt$Qytg7lOfP9m8Vn0bf7Xtw9jZGNxv41fO4ypqT9LopCu=",
            "last_login": null,
            "is_superuser": false,
            "email": "user9@example.com",
            "first_name": "User Nine",
            "last_name": " ",
            "is_active": true,
            "is_staff": false,
            "groups": [],
            "user_permissions": []
        }
    },
    {
        "model": "users.user",
        "pk": 11,
        "fields": {
            "password": "pbkdf2_sha256$720000$VzKR5rJiZhtsO7u6fMhLQt$Rytk8mOfQ9n9Wo1cf8Yux9kZHNyx52gP5zqvU0MqpEv=",
            "last_login": null,
            "is_superuser": false,
            "email": "user10@example.com",
            "first_name": "User Ten",
            "last_name": " ",
            "is_active": true,
            "is_staff": false,
            "groups": [],
            "user_permissions": []
        }
    },
    {
        "model": "tourists.tourist",
        "pk": 1,
        "fields": {
            "user": 2,
            "status": "1",
            "birthday": "1985-06-15",
            "phone": "+12345678901"
        }
    },
    {
        "model": "tourists.tourist",
        "pk": 2,
        "fields": {
            "user": 3,
            "status": "2",
            "birthday": "1990-12-20",
            "phone": "+12345678902"
        }
    },
    {
        "model": "tourists.tourist",
        "pk": 3,
        "fields": {
            "user": 4,
            "status": "3",
            "birthday": "1978-04-10",
            "phone": "+12345678903"
        }
    },
    {
        "model": "tourists.tourist",
        "pk": 4,
        "fields": {
            "user": 5,
            "status": "4",
            "birthday": "1982-11-05",
            "phone": "+12345678904"
        }
    },
    {
        "model": "tourists.tourist",
        "pk": 5,
        "fields": {
            "user": 6,
            "status": "1",
            "birthday": "1995-03-25",
            "phone": "+12345678905"
        }
    },
    {
        "model": "tourists.tourist",
        "pk": 6,
        "fields": {
            "user": 7,
            "status": "2",
            "birthday": "2000-01-30",
            "phone": "+12345678906"
        }
    },
    {
        "model": "tourists.tourist",
        "pk": 7,
        "fields": {
            "user": 8,
            "status": "3",
            "birthday": "1988-09-15",
            "phone": "+12345678907"
        }
    },
    {
        "model": "tourists.tourist",
        "pk": 8,
        "fields": {
            "user": 9,
            "status": "4",
            "birthday": "1992-07-20",
            "phone": "+12345678908"
        }
    },
    {
        "model": "tourists.tourist",
        "pk": 9,
        "fields": {
            "user": 10,
            "status": "1",
            "birthday": "1983-08-25",
            "phone": "+12345678909"
        }
    },
    {
        "model": "tourists.tourist",
        "pk": 10,
        "fields": {
            "user": 11,
            "status": "2",
            "birthday": "1997-05-15",
            "phone": "+12345678910"
        }
    },
    {
        "model": "glamp.address",
        "pk": 1,
        "fields": {
            "street": "вул. Садова",
            "house": "12",
            "apartment": null,
            "city": "с. Гатне",
            "region": "Київська",
            "latitude": 50.3211,
            "longitude": 30.4878,
            "created": "2024-06-27T12:00:00Z",
            "updated": "2024-06-27T12:00:00Z"
        }
    },
    {
        "model": "glamp.address",
        "pk": 2,
        "fields": {
            "street": "вул. Лісова",
            "house": "7",
            "apartment": null,
            "city": "с. Крижанівка",
            "region": "Одеська",
            "latitude": 46.5667,
            "longitude": 30.8021,
            "created": "2024-06-27T12:00:00Z",
            "updated": "2024-06-27T12:00:00Z"
        }
    },
    {
        "model": "glamp.address",
        "pk": 3,
        "fields": {
            "street": "вул. Вишнева",
            "house": "23",
            "apartment": null,
            "city": "с. Безлюдівка",
            "region": "Харківська",
            "latitude": 49.8976,
            "longitude": 36.3854,
            "created": "2024-06-27T12:00:00Z",
            "updated": "2024-06-27T12:00:00Z"
        }
    },
    {
        "model": "glamp.address",
        "pk": 4,
        "fields": {
            "street": "вул. Набережна",
            "house": "5",
            "apartment": null,
            "city": "с. Агрономічне",
            "region": "Вінницька",
            "latitude": 49.2123,
            "longitude": 28.5108,
            "created": "2024-06-27T12:00:00Z",
            "updated": "2024-06-27T12:00:00Z"
        }
    },
    {
        "model": "glamp.address",
        "pk": 5,
        "fields": {
            "street": "вул. Квіткова",
            "house": "19",
            "apartment": null,
            "city": "с. Левків",
            "region": "Житомирська",
            "latitude": 50.254,
            "longitude": 28.7495,
            "created": "2024-06-27T12:00:00Z",
            "updated": "2024-06-27T12:00:00Z"
        }
    },
    {
        "model": "glamp.address",
        "pk": 6,
        "fields": {
            "street": "вул. Озерна",
            "house": "3",
            "apartment": null,
            "city": "с. Зубра",
            "region": "Львівська",
            "latitude": 49.7923,
            "longitude": 24.0295,
            "created": "2024-06-27T12:00:00Z",
            "updated": "2024-06-27T12:00:00Z"
        }
    },
    {
        "model": "glamp.address",
        "pk": 7,
        "fields": {
            "street": "вул. Дружби",
            "house": "10",
            "apartment": null,
            "city": "с. Каменськ",
            "region": "Донецька",
            "latitude": 47.0562,
            "longitude": 37.5739,
            "created": "2024-06-27T12:00:00Z",
            "updated": "2024-06-27T12:00:00Z"
        }
    },
    {
        "model": "glamp.address",
        "pk": 8,
        "fields": {
            "street": "вул. Весняна",
            "house": "8",
            "apartment": null,
            "city": "с. Сонячне",
            "region": "Запорізька",
            "latitude": 47.85,
            "longitude": 35.151,
            "created": "2024-06-27T12:00:00Z",
            "updated": "2024-06-27T12:00:00Z"
        }
    },
    {
        "model": "glamp.address",
        "pk": 9,
        "fields": {
            "street": "вул. Польова",
            "house": "15",
            "apartment": null,
            "city": "с. Крихівці",
            "region": "Івано-Франківська",
            "latitude": 48.9213,
            "longitude": 24.71,
            "created": "2024-06-27T12:00:00Z",
            "updated": "2024-06-27T12:00:00Z"
        }
    },
    {
        "model": "glamp.address",
        "pk": 10,
        "fields": {
            "street": "вул. Шевченка",
            "house": "4",
            "apartment": null,
            "city": "с. Біла",
            "region": "Тернопільська",
            "latitude": 49.545,
            "longitude": 25.5999,
            "created": "2024-06-27T12:00:00Z",
            "updated": "2024-06-27T12:00:00Z"
        }
    },
    {
        "model": "glamp.address",
        "pk": 11,
        "fields": {
            "street": "вул. Молодіжна",
            "house": "6",
            "apartment": null,
            "city": "с. Щасливе",
            "region": "Київська",
            "latitude": 50.294,
            "longitude": 30.5841,
            "created": "2024-06-27T12:00:00Z",
            "updated": "2024-06-27T12:00:00Z"
        }
    },
    {
        "model": "glamp.address",
        "pk": 12,
        "fields": {
            "street": "вул. Сонячна",
            "house": "9",
            "apartment": null,
            "city": "с. Фонтанка",
            "region": "Одеська",
            "latitude": 46.5902,
            "longitude": 30.7987,
            "created": "2024-06-27T12:00:00Z",
            "updated": "2024-06-27T12:00:00Z"
        }
    },
    {
        "model": "glamp.address",
        "pk": 13,
        "fields": {
            "street": "вул. Жовтнева",
            "house": "11",
            "apartment": null,
            "city": "с. Руська Лозова",
            "region": "Харківська",
            "latitude": 49.9911,
            "longitude": 36.2356,
            "created": "2024-06-27T12:00:00Z",
            "updated": "2024-06-27T12:00:00Z"
        }
    },
    {
        "model": "glamp.address",
        "pk": 14,
        "fields": {
            "street": "вул. Центральна",
            "house": "13",
            "apartment": null,
            "city": "с. Стрижавка",
            "region": "Вінницька",
            "latitude": 49.292,
            "longitude": 28.5599,
            "created": "2024-06-27T12:00:00Z",
            "updated": "2024-06-27T12:00:00Z"
        }
    },
    {
        "model": "glamp.address",
        "pk": 15,
        "fields": {
            "street": "вул. Зарічна",
            "house": "22",
            "apartment": null,
            "city": "с. Сінгури",
            "region": "Житомирська",
            "latitude": 50.2421,
            "longitude": 28.7261,
            "created": "2024-06-27T12:00:00Z",
            "updated": "2024-06-27T12:00:00Z"
        }
    },
    {
        "model": "glamp.address",
        "pk": 16,
        "fields": {
            "street": "вул. Калинова",
            "house": "25",
            "apartment": null,
            "city": "с. Лапаївка",
            "region": "Львівська",
            "latitude": 49.807,
            "longitude": 23.9424,
            "created": "2024-06-27T12:00:00Z",
            "updated": "2024-06-27T12:00:00Z"
        }
    },
    {
        "model": "glamp.address",
        "pk": 17,
        "fields": {
            "street": "вул. Миру",
            "house": "14",
            "apartment": null,
            "city": "с. Урзуф",
            "region": "Донецька",
            "latitude": 47.0338,
            "longitude": 37.3065,
            "created": "2024-06-27T12:00:00Z",
            "updated": "2024-06-27T12:00:00Z"
        }
    },
    {
        "model": "glamp.address",
        "pk": 18,
        "fields": {
            "street": "вул. Берегова",
            "house": "17",
            "apartment": null,
            "city": "с. Володимирівка",
            "region": "Запорізька",
            "latitude": 47.9214,
            "longitude": 35.108,
            "created": "2024-06-27T12:00:00Z",
            "updated": "2024-06-27T12:00:00Z"
        }
    },
    {
        "model": "glamp.address",
        "pk": 19,
        "fields": {
            "street": "вул. Травнева",
            "house": "20",
            "apartment": null,
            "city": "с. Угринів",
            "region": "Івано-Франківська",
            "latitude": 48.9456,
            "longitude": 24.6865,
            "created": "2024-06-27T12:00:00Z",
            "updated": "2024-06-27T12:00:00Z"
        }
    },
    {
        "model": "glamp.address",
        "pk": 20,
        "fields": {
            "street": "вул. Мазепи",
            "house": "30",
            "apartment": null,
            "city": "с. Великі Гаї",
            "region": "Тернопільська",
            "latitude": 49.5371,
            "longitude": 25.6019,
            "created": "2024-06-27T12:00:00Z",
            "updated": "2024-06-27T12:00:00Z"
        }
    },
    {
        "model": "glamp.attribute",
        "pk": 12,
        "fields": {
            "name": "Зручності",
            "created": "2024-07-03T10:38:58.820Z",
            "updated": "2024-07-03T10:38:58.820Z"
        }
    },
    {
        "model": "glamp.attribute",
        "pk": 13,
        "fields": {
            "name": "Активності",
            "created": "2024-07-03T10:38:58.820Z",
            "updated": "2024-07-03T10:38:58.820Z"
        }
    },
    {
        "model": "glamp.attribute",
        "pk": 14,
        "fields": {
            "name": "Природа й околиці",
            "created": "2024-07-03T10:38:58.820Z",
            "updated": "2024-07-03T10:38:58.820Z"
        }
    },
    {
        "model": "glamp.attribute",
        "pk": 15,
        "fields": {
            "name": "Опції бронювання",
            "created": "2024-07-03T10:38:58.820Z",
            "updated": "2024-07-03T10:38:58.820Z"
        }
    },
    {
        "model": "glamp.attribute",
        "pk": 16,
        "fields": {
            "name": "Кімнати та спальні місця",
            "created": "2024-07-03T10:38:58.820Z",
            "updated": "2024-07-03T10:38:58.820Z"
        }
    },
    {
        "model": "glamp.attribute",
        "pk": 17,
        "fields": {
            "name": "Бізнес і події",
            "created": "2024-07-03T10:38:58.820Z",
            "updated": "2024-07-03T10:38:58.820Z"
        }
    },
    {
        "model": "glamp.attribute",
        "pk": 18,
        "fields": {
            "name": "Умови перебування",
            "created": "2024-07-03T10:38:58.820Z",
            "updated": "2024-07-03T10:38:58.820Z"
        }
    },
    {
        "model": "glamp.attribute",
        "pk": 19,
        "fields": {
            "name": "Транспорт",
            "created": "2024-07-03T10:38:58.820Z",
            "updated": "2024-07-03T10:38:58.820Z"
        }
    },
    {
        "model": "glamp.attribute",
        "pk": 20,
        "fields": {
            "name": "Харчування",
            "created": "2024-07-03T10:38:58.820Z",
            "updated": "2024-07-03T10:38:58.820Z"
        }
    },
    {
        "model": "glamp.attribute",
        "pk": 21,
        "fields": {
            "name": "Безпека",
            "created": "2024-07-03T10:38:58.820Z",
            "updated": "2024-07-03T10:38:58.820Z"
        }
    },
    {
        "model": "glamp.attribute",
        "pk": 22,
        "fields": {
            "name": "Доступність",
            "created": "2024-07-03T10:38:58.820Z",
            "updated": "2024-07-03T10:38:58.820Z"
        }
    },
    {
        "model": "glamp.attributeglamp",
        "pk": 1,
        "fields": {
            "attribute": 12,
            "attribute_name": "Система обігріву",
            "glamp": "12ee7ae4-21c7-4575-910c-9360357ed898",
            "description": null,
            "value": null,
            "created": "2024-07-03T10:40:27.185Z",
            "updated": "2024-07-03T10:40:27.186Z"
        }
    },
    {
        "model": "glamp.attributeglamp",
        "pk": 2,
        "fields": {
            "attribute": 12,
            "attribute_name": "Система охолодження",
            "glamp": "e9938ccc-b8b3-4fac-b6ac-e7cd489cc643",
            "description": null,
            "value": null,
            "created": "2024-07-03T10:40:27.186Z",
            "updated": "2024-07-03T10:40:27.186Z"
        }
    },
    {
        "model": "glamp.attributeglamp",
        "pk": 3,
        "fields": {
            "attribute": 12,
            "attribute_name": "Інтернет",
            "glamp": "12ee7ae4-21c7-4575-910c-9360357ed898",
            "description": null,
            "value": null,
            "created": "2024-07-03T10:40:27.186Z",
            "updated": "2024-07-03T10:40:27.186Z"
        }
    },
    {
        "model": "glamp.attributeglamp",
        "pk": 4,
        "fields": {
            "attribute": 12,
            "attribute_name": "Послуги пральні",
            "glamp": "9e7cba8f-8692-47f8-858f-7b6cb961057c",
            "description": null,
            "value": null,
            "created": "2024-07-03T10:40:27.186Z",
            "updated": "2024-07-03T10:40:27.186Z"
        }
    },
    {
        "model": "glamp.attributeglamp",
        "pk": 5,
        "fields": {
            "attribute": 12,
            "attribute_name": "Телевізор",
            "glamp": "02993e11-5995-442a-aaba-5a25689a67cb",
            "description": null,
            "value": null,
            "created": "2024-07-03T10:40:27.186Z",
            "updated": "2024-07-03T10:40:27.186Z"
        }
    },
    {
        "model": "glamp.attributeglamp",
        "pk": 6,
        "fields": {
            "attribute": 12,
            "attribute_name": "Праска",
            "glamp": "e9938ccc-b8b3-4fac-b6ac-e7cd489cc643",
            "description": null,
            "value": null,
            "created": "2024-07-03T10:40:27.186Z",
            "updated": "2024-07-03T10:40:27.186Z"
        }
    },
    {
        "model": "glamp.attributeglamp",
        "pk": 7,
        "fields": {
            "attribute": 12,
            "attribute_name": "Робоче місце",
            "glamp": "a4bdbbc7-e83e-4a02-a3c3-80a51961b9cc",
            "description": null,
            "value": null,
            "created": "2024-07-03T10:40:27.186Z",
            "updated": "2024-07-03T10:40:27.186Z"
        }
    },
    {
        "model": "glamp.attributeglamp",
        "pk": 8,
        "fields": {
            "attribute": 12,
            "attribute_name": "Басейн",
            "glamp": "43936fcd-1714-4374-81c4-a2a60738aa12",
            "description": null,
            "value": null,
            "created": "2024-07-03T10:40:27.186Z",
            "updated": "2024-07-03T10:40:27.186Z"
        }
    },
    {
        "model": "glamp.attributeglamp",
        "pk": 9,
        "fields": {
            "attribute": 12,
            "attribute_name": "Спа",
            "glamp": "840d5db2-ed22-44dd-b9d5-7e9e63e02031",
            "description": null,
            "value": null,
            "created": "2024-07-03T10:40:27.186Z",
            "updated": "2024-07-03T10:40:27.186Z"
        }
    },
    {
        "model": "glamp.attributeglamp",
        "pk": 10,
        "fields": {
            "attribute": 12,
            "attribute_name": "Джакузі",
            "glamp": "699329e6-bde5-4a7c-a00a-a0dd91ab223c",
            "description": null,
            "value": null,
            "created": "2024-07-03T10:40:27.186Z",
            "updated": "2024-07-03T10:40:27.186Z"
        }
    },
    {
        "model": "glamp.attributeglamp",
        "pk": 11,
        "fields": {
            "attribute": 12,
            "attribute_name": "Чан",
            "glamp": "43936fcd-1714-4374-81c4-a2a60738aa12",
            "description": null,
            "value": null,
            "created": "2024-07-03T10:40:27.186Z",
            "updated": "2024-07-03T10:40:27.186Z"
        }
    },
    {
        "model": "glamp.attributeglamp",
        "pk": 12,
        "fields": {
            "attribute": 12,
            "attribute_name": "Сауна",
            "glamp": "161d6f5d-5256-413a-9140-503ed3394447",
            "description": null,
            "value": null,
            "created": "2024-07-03T10:40:27.186Z",
            "updated": "2024-07-03T10:40:27.186Z"
        }
    },
    {
        "model": "glamp.attributeglamp",
        "pk": 13,
        "fields": {
            "attribute": 12,
            "attribute_name": "Камін",
            "glamp": "161d6f5d-5256-413a-9140-503ed3394447",
            "description": null,
            "value": null,
            "created": "2024-07-03T10:40:27.186Z",
            "updated": "2024-07-03T10:40:27.186Z"
        }
    },
    {
        "model": "glamp.attributeglamp",
        "pk": 14,
        "fields": {
            "attribute": 12,
            "attribute_name": "Альтанка",
            "glamp": "840d5db2-ed22-44dd-b9d5-7e9e63e02031",
            "description": null,
            "value": null,
            "created": "2024-07-03T10:40:27.186Z",
            "updated": "2024-07-03T10:40:27.186Z"
        }
    },
    {
        "model": "glamp.attributeglamp",
        "pk": 15,
        "fields": {
            "attribute": 12,
            "attribute_name": "Тераса",
            "glamp": "9e7cba8f-8692-47f8-858f-7b6cb961057c",
            "description": null,
            "value": null,
            "created": "2024-07-03T10:40:27.186Z",
            "updated": "2024-07-03T10:40:27.186Z"
        }
    },
    {
        "model": "glamp.attributeglamp",
        "pk": 16,
        "fields": {
            "attribute": 12,
            "attribute_name": "Зона для барбекю",
            "glamp": "0dbcab5f-638d-4d7d-9b5e-599f3819efd6",
            "description": null,
            "value": null,
            "created": "2024-07-03T10:40:27.186Z",
            "updated": "2024-07-03T10:40:27.186Z"
        }
    },
    {
        "model": "glamp.attributeglamp",
        "pk": 17,
        "fields": {
            "attribute": 12,
            "attribute_name": "Гамаки",
            "glamp": "746683d1-4287-457a-a87c-6c8979b4a729",
            "description": null,
            "value": null,
            "created": "2024-07-03T10:40:27.186Z",
            "updated": "2024-07-03T10:40:27.186Z"
        }
    },
    {
        "model": "glamp.attributeglamp",
        "pk": 18,
        "fields": {
            "attribute": 12,
            "attribute_name": "Садові меблі",
            "glamp": "02993e11-5995-442a-aaba-5a25689a67cb",
            "description": null,
            "value": null,
            "created": "2024-07-03T10:40:27.186Z",
            "updated": "2024-07-03T10:40:27.186Z"
        }
    },
    {
        "model": "glamp.attributeglamp",
        "pk": 20,
        "fields": {
            "attribute": 13,
            "attribute_name": "Верхова їзда",
            "glamp": "746683d1-4287-457a-a87c-6c8979b4a729",
            "description": null,
            "value": null,
            "created": "2024-07-03T10:40:27.186Z",
            "updated": "2024-07-03T10:40:27.186Z"
        }
    },
    {
        "model": "glamp.attributeglamp",
        "pk": 21,
        "fields": {
            "attribute": 13,
            "attribute_name": "Піші прогулянки/Походи",
            "glamp": "9e7cba8f-8692-47f8-858f-7b6cb961057c",
            "description": null,
            "value": null,
            "created": "2024-07-03T10:40:27.186Z",
            "updated": "2024-07-03T10:40:27.186Z"
        }
    },
    {
        "model": "glamp.attributeglamp",
        "pk": 22,
        "fields": {
            "attribute": 13,
            "attribute_name": "Риболовля",
            "glamp": "840d5db2-ed22-44dd-b9d5-7e9e63e02031",
            "description": null,
            "value": null,
            "created": "2024-07-03T10:40:27.186Z",
            "updated": "2024-07-03T10:40:27.186Z"
        }
    },
    {
        "model": "glamp.attributeglamp",
        "pk": 23,
        "fields": {
            "attribute": 13,
            "attribute_name": "Плавання",
            "glamp": "0dbcab5f-638d-4d7d-9b5e-599f3819efd6",
            "description": null,
            "value": null,
            "created": "2024-07-03T10:40:27.186Z",
            "updated": "2024-07-03T10:40:27.186Z"
        }
    },
    {
        "model": "glamp.attributeglamp",
        "pk": 24,
        "fields": {
            "attribute": 13,
            "attribute_name": "Катання на човнах",
            "glamp": "94c6699f-eb22-4b41-b9e8-36bef4de4f56",
            "description": null,
            "value": null,
            "created": "2024-07-03T10:40:27.186Z",
            "updated": "2024-07-03T10:40:27.186Z"
        }
    },
    {
        "model": "glamp.attributeglamp",
        "pk": 25,
        "fields": {
            "attribute": 13,
            "attribute_name": "Гірськолижні активності",
            "glamp": "9e0b61e0-9b0c-4576-a708-cdadf774fec8",
            "description": null,
            "value": null,
            "created": "2024-07-03T10:40:27.186Z",
            "updated": "2024-07-03T10:40:27.186Z"
        }
    },
    {
        "model": "glamp.attributeglamp",
        "pk": 26,
        "fields": {
            "attribute": 13,
            "attribute_name": "Медитація/Йога",
            "glamp": "03f7b6a3-0130-4285-811f-2fb3aaf457c1",
            "description": null,
            "value": null,
            "created": "2024-07-03T10:40:27.187Z",
            "updated": "2024-07-03T10:40:27.187Z"
        }
    },
    {
        "model": "glamp.attributeglamp",
        "pk": 27,
        "fields": {
            "attribute": 13,
            "attribute_name": "Спортивна зона",
            "glamp": "94c6699f-eb22-4b41-b9e8-36bef4de4f56",
            "description": null,
            "value": null,
            "created": "2024-07-03T10:40:27.187Z",
            "updated": "2024-07-03T10:40:27.187Z"
        }
    },
    {
        "model": "glamp.attributeglamp",
        "pk": 28,
        "fields": {
            "attribute": 13,
            "attribute_name": "Ігрова зона",
            "glamp": "71f98905-32b9-4475-b1d4-8516d42eca11",
            "description": null,
            "value": null,
            "created": "2024-07-03T10:40:27.187Z",
            "updated": "2024-07-03T10:40:27.187Z"
        }
    },
    {
        "model": "glamp.attributeglamp",
        "pk": 29,
        "fields": {
            "attribute": 13,
            "attribute_name": "Організовані заходи та екскурсії",
            "glamp": "fbe8918d-800e-4b0d-b05c-623e89db0751",
            "description": null,
            "value": null,
            "created": "2024-07-03T10:40:27.187Z",
            "updated": "2024-07-03T10:40:27.187Z"
        }
    },
    {
        "model": "glamp.attributeglamp",
        "pk": 30,
        "fields": {
            "attribute": 14,
            "attribute_name": "Національний парк",
            "glamp": "12ee7ae4-21c7-4575-910c-9360357ed898",
            "description": null,
            "value": null,
            "created": "2024-07-03T10:40:27.187Z",
            "updated": "2024-07-03T10:40:27.187Z"
        }
    },
    {
        "model": "glamp.attributeglamp",
        "pk": 31,
        "fields": {
            "attribute": 14,
            "attribute_name": "Море",
            "glamp": "03f7b6a3-0130-4285-811f-2fb3aaf457c1",
            "description": null,
            "value": null,
            "created": "2024-07-03T10:40:27.187Z",
            "updated": "2024-07-03T10:40:27.187Z"
        }
    },
    {
        "model": "glamp.attributeglamp",
        "pk": 32,
        "fields": {
            "attribute": 14,
            "attribute_name": "Озеро",
            "glamp": "699329e6-bde5-4a7c-a00a-a0dd91ab223c",
            "description": null,
            "value": null,
            "created": "2024-07-03T10:40:27.187Z",
            "updated": "2024-07-03T10:40:27.187Z"
        }
    },
    {
        "model": "glamp.attributeglamp",
        "pk": 33,
        "fields": {
            "attribute": 14,
            "attribute_name": "Річка/Струмок",
            "glamp": "43936fcd-1714-4374-81c4-a2a60738aa12",
            "description": null,
            "value": null,
            "created": "2024-07-03T10:40:27.187Z",
            "updated": "2024-07-03T10:40:27.187Z"
        }
    },
    {
        "model": "glamp.attributeglamp",
        "pk": 34,
        "fields": {
            "attribute": 14,
            "attribute_name": "Водоспад",
            "glamp": "0dbcab5f-638d-4d7d-9b5e-599f3819efd6",
            "description": null,
            "value": null,
            "created": "2024-07-03T10:40:27.187Z",
            "updated": "2024-07-03T10:40:27.187Z"
        }
    },
    {
        "model": "glamp.attributeglamp",
        "pk": 35,
        "fields": {
            "attribute": 14,
            "attribute_name": "Термальні джерела",
            "glamp": "43936fcd-1714-4374-81c4-a2a60738aa12",
            "description": null,
            "value": null,
            "created": "2024-07-03T10:40:27.187Z",
            "updated": "2024-07-03T10:40:27.187Z"
        }
    },
    {
        "model": "glamp.attributeglamp",
        "pk": 36,
        "fields": {
            "attribute": 14,
            "attribute_name": "Гори",
            "glamp": "e9938ccc-b8b3-4fac-b6ac-e7cd489cc643",
            "description": null,
            "value": null,
            "created": "2024-07-03T10:40:27.187Z",
            "updated": "2024-07-03T10:40:27.187Z"
        }
    },
    {
        "model": "glamp.attributeglamp",
        "pk": 37,
        "fields": {
            "attribute": 14,
            "attribute_name": "Соляні печери",
            "glamp": "a4bdbbc7-e83e-4a02-a3c3-80a51961b9cc",
            "description": null,
            "value": null,
            "created": "2024-07-03T10:40:27.187Z",
            "updated": "2024-07-03T10:40:27.187Z"
        }
    },
    {
        "model": "glamp.attributeglamp",
        "pk": 38,
        "fields": {
            "attribute": 14,
            "attribute_name": "Гарні краєвиди",
            "glamp": "e4af69dc-760a-44e9-855b-0b7d42825a11",
            "description": null,
            "value": null,
            "created": "2024-07-03T10:40:27.187Z",
            "updated": "2024-07-03T10:40:27.187Z"
        }
    },
    {
        "model": "glamp.attributeglamp",
        "pk": 41,
        "fields": {
            "attribute": 15,
            "attribute_name": "Безкоштовне скасування",
            "glamp": "71f98905-32b9-4475-b1d4-8516d42eca11",
            "description": null,
            "value": null,
            "created": "2024-07-03T10:40:27.187Z",
            "updated": "2024-07-03T10:40:27.187Z"
        }
    },
    {
        "model": "glamp.attributeglamp",
        "pk": 42,
        "fields": {
            "attribute": 16,
            "attribute_name": "Кількість спалень",
            "glamp": "02993e11-5995-442a-aaba-5a25689a67cb",
            "description": null,
            "value": null,
            "created": "2024-07-03T10:40:27.187Z",
            "updated": "2024-07-03T10:40:27.187Z"
        }
    },
    {
        "model": "glamp.attributeglamp",
        "pk": 43,
        "fields": {
            "attribute": 16,
            "attribute_name": "Кількість ліжок",
            "glamp": "840d5db2-ed22-44dd-b9d5-7e9e63e02031",
            "description": null,
            "value": null,
            "created": "2024-07-03T10:40:27.187Z",
            "updated": "2024-07-03T10:40:27.187Z"
        }
    },
    {
        "model": "glamp.attributeglamp",
        "pk": 44,
        "fields": {
            "attribute": 16,
            "attribute_name": "Додати ліжечко для немовлят",
            "glamp": "840d5db2-ed22-44dd-b9d5-7e9e63e02031",
            "description": null,
            "value": null,
            "created": "2024-07-03T10:40:27.187Z",
            "updated": "2024-07-03T10:40:27.187Z"
        }
    },
    {
        "model": "glamp.attributeglamp",
        "pk": 45,
        "fields": {
            "attribute": 16,
            "attribute_name": "Кількість ванних кімнат",
            "glamp": "94c6699f-eb22-4b41-b9e8-36bef4de4f56",
            "description": null,
            "value": null,
            "created": "2024-07-03T10:40:27.187Z",
            "updated": "2024-07-03T10:40:27.187Z"
        }
    },
    {
        "model": "glamp.attributeglamp",
        "pk": 46,
        "fields": {
            "attribute": 16,
            "attribute_name": "Ванна кімната в номері",
            "glamp": "a4bdbbc7-e83e-4a02-a3c3-80a51961b9cc",
            "description": null,
            "value": null,
            "created": "2024-07-03T10:40:27.187Z",
            "updated": "2024-07-03T10:40:27.187Z"
        }
    },
    {
        "model": "glamp.attributeglamp",
        "pk": 47,
        "fields": {
            "attribute": 16,
            "attribute_name": "Ванна кімната на території",
            "glamp": "71f98905-32b9-4475-b1d4-8516d42eca11",
            "description": null,
            "value": null,
            "created": "2024-07-03T10:40:27.187Z",
            "updated": "2024-07-03T10:40:27.187Z"
        }
    },
    {
        "model": "glamp.attributeglamp",
        "pk": 48,
        "fields": {
            "attribute": 16,
            "attribute_name": "Кухня на території",
            "glamp": "84164345-f85c-412e-9d68-68a313e3ed5a",
            "description": null,
            "value": null,
            "created": "2024-07-03T10:40:27.187Z",
            "updated": "2024-07-03T10:40:27.187Z"
        }
    },
    {
        "model": "glamp.attributeglamp",
        "pk": 49,
        "fields": {
            "attribute": 16,
            "attribute_name": "Кухня в номері",
            "glamp": "02993e11-5995-442a-aaba-5a25689a67cb",
            "description": null,
            "value": null,
            "created": "2024-07-03T10:40:27.187Z",
            "updated": "2024-07-03T10:40:27.187Z"
        }
    },
    {
        "model": "glamp.attributeglamp",
        "pk": 50,
        "fields": {
            "attribute": 16,
            "attribute_name": "Обідня зона",
            "glamp": "fbe8918d-800e-4b0d-b05c-623e89db0751",
            "description": null,
            "value": null,
            "created": "2024-07-03T10:40:27.187Z",
            "updated": "2024-07-03T10:40:27.187Z"
        }
    },
    {
        "model": "glamp.attributeglamp",
        "pk": 51,
        "fields": {
            "attribute": 16,
            "attribute_name": "Мікрохвильовка",
            "glamp": "840d5db2-ed22-44dd-b9d5-7e9e63e02031",
            "description": null,
            "value": null,
            "created": "2024-07-03T10:40:27.187Z",
            "updated": "2024-07-03T10:40:27.187Z"
        }
    },
    {
        "model": "glamp.attributeglamp",
        "pk": 52,
        "fields": {
            "attribute": 16,
            "attribute_name": "Плита",
            "glamp": "71f98905-32b9-4475-b1d4-8516d42eca11",
            "description": null,
            "value": null,
            "created": "2024-07-03T10:40:27.187Z",
            "updated": "2024-07-03T10:40:27.187Z"
        }
    },
    {
        "model": "glamp.attributeglamp",
        "pk": 53,
        "fields": {
            "attribute": 16,
            "attribute_name": "Холодильник",
            "glamp": "e9938ccc-b8b3-4fac-b6ac-e7cd489cc643",
            "description": null,
            "value": null,
            "created": "2024-07-03T10:40:27.187Z",
            "updated": "2024-07-03T10:40:27.187Z"
        }
    },
    {
        "model": "glamp.attributeglamp",
        "pk": 54,
        "fields": {
            "attribute": 16,
            "attribute_name": "Без кухні",
            "glamp": "e9938ccc-b8b3-4fac-b6ac-e7cd489cc643",
            "description": null,
            "value": null,
            "created": "2024-07-03T10:40:27.187Z",
            "updated": "2024-07-03T10:40:27.187Z"
        }
    },
    {
        "model": "glamp.attributeglamp",
        "pk": 55,
        "fields": {
            "attribute": 17,
            "attribute_name": "Проектор та екран",
            "glamp": "43936fcd-1714-4374-81c4-a2a60738aa12",
            "description": null,
            "value": null,
            "created": "2024-07-03T10:40:27.187Z",
            "updated": "2024-07-03T10:40:27.187Z"
        }
    },
    {
        "model": "glamp.attributeglamp",
        "pk": 56,
        "fields": {
            "attribute": 17,
            "attribute_name": "Зона для проведення заходів",
            "glamp": "e9938ccc-b8b3-4fac-b6ac-e7cd489cc643",
            "description": null,
            "value": null,
            "created": "2024-07-03T10:40:27.187Z",
            "updated": "2024-07-03T10:40:27.187Z"
        }
    },
    {
        "model": "glamp.attributeglamp",
        "pk": 57,
        "fields": {
            "attribute": 18,
            "attribute_name": "Дозволено з тваринами",
            "glamp": "746683d1-4287-457a-a87c-6c8979b4a729",
            "description": null,
            "value": null,
            "created": "2024-07-03T10:40:27.187Z",
            "updated": "2024-07-03T10:40:27.187Z"
        }
    },
    {
        "model": "glamp.attributeglamp",
        "pk": 58,
        "fields": {
            "attribute": 18,
            "attribute_name": "Підходить для дітей",
            "glamp": "a4bdbbc7-e83e-4a02-a3c3-80a51961b9cc",
            "description": null,
            "value": null,
            "created": "2024-07-03T10:40:27.187Z",
            "updated": "2024-07-03T10:40:27.187Z"
        }
    },
    {
        "model": "glamp.attributeglamp",
        "pk": 59,
        "fields": {
            "attribute": 18,
            "attribute_name": "Підходить для груп",
            "glamp": "03f7b6a3-0130-4285-811f-2fb3aaf457c1",
            "description": null,
            "value": null,
            "created": "2024-07-03T10:40:27.187Z",
            "updated": "2024-07-03T10:40:27.188Z"
        }
    },
    {
        "model": "glamp.attributeglamp",
        "pk": 60,
        "fields": {
            "attribute": 19,
            "attribute_name": "Можна замовити трансфер",
            "glamp": "012af3a3-3ce5-47e9-9247-ea4b3d112120",
            "description": null,
            "value": null,
            "created": "2024-07-03T10:40:27.188Z",
            "updated": "2024-07-03T10:40:27.188Z"
        }
    },
    {
        "model": "glamp.attributeglamp",
        "pk": 61,
        "fields": {
            "attribute": 19,
            "attribute_name": "Станція для заряджання електричних автомобілів",
            "glamp": "e4af69dc-760a-44e9-855b-0b7d42825a11",
            "description": null,
            "value": null,
            "created": "2024-07-03T10:40:27.188Z",
            "updated": "2024-07-03T10:40:27.188Z"
        }
    },
    {
        "model": "glamp.attributeglamp",
        "pk": 62,
        "fields": {
            "attribute": 19,
            "attribute_name": "Місце для авто",
            "glamp": "012af3a3-3ce5-47e9-9247-ea4b3d112120",
            "description": null,
            "value": null,
            "created": "2024-07-03T10:40:27.188Z",
            "updated": "2024-07-03T10:40:27.188Z"
        }
    },
    {
        "model": "glamp.attributeglamp",
        "pk": 63,
        "fields": {
            "attribute": 20,
            "attribute_name": "Сніданок включено",
            "glamp": "0dbcab5f-638d-4d7d-9b5e-599f3819efd6",
            "description": null,
            "value": null,
            "created": "2024-07-03T10:40:27.188Z",
            "updated": "2024-07-03T10:40:27.188Z"
        }
    },
    {
        "model": "glamp.attributeglamp",
        "pk": 64,
        "fields": {
            "attribute": 20,
            "attribute_name": "Обід включено",
            "glamp": "a4bdbbc7-e83e-4a02-a3c3-80a51961b9cc",
            "description": null,
            "value": null,
            "created": "2024-07-03T10:40:27.188Z",
            "updated": "2024-07-03T10:40:27.188Z"
        }
    },
    {
        "model": "glamp.attributeglamp",
        "pk": 65,
        "fields": {
            "attribute": 20,
            "attribute_name": "Вечерю включено",
            "glamp": "e4af69dc-760a-44e9-855b-0b7d42825a11",
            "description": null,
            "value": null,
            "created": "2024-07-03T10:40:27.188Z",
            "updated": "2024-07-03T10:40:27.188Z"
        }
    },
    {
        "model": "glamp.attributeglamp",
        "pk": 66,
        "fields": {
            "attribute": 20,
            "attribute_name": "Все включено",
            "glamp": "746683d1-4287-457a-a87c-6c8979b4a729",
            "description": null,
            "value": null,
            "created": "2024-07-03T10:40:27.188Z",
            "updated": "2024-07-03T10:40:27.188Z"
        }
    },
    {
        "model": "glamp.attributeglamp",
        "pk": 67,
        "fields": {
            "attribute": 20,
            "attribute_name": "Обслуговування номерів",
            "glamp": "0dbcab5f-638d-4d7d-9b5e-599f3819efd6",
            "description": null,
            "value": null,
            "created": "2024-07-03T10:40:27.188Z",
            "updated": "2024-07-03T10:40:27.188Z"
        }
    },
    {
        "model": "glamp.attributeglamp",
        "pk": 68,
        "fields": {
            "attribute": 20,
            "attribute_name": "Бар",
            "glamp": "699329e6-bde5-4a7c-a00a-a0dd91ab223c",
            "description": null,
            "value": null,
            "created": "2024-07-03T10:40:27.188Z",
            "updated": "2024-07-03T10:40:27.188Z"
        }
    },
    {
        "model": "glamp.attributeglamp",
        "pk": 69,
        "fields": {
            "attribute": 20,
            "attribute_name": "Ресторан",
            "glamp": "e4af69dc-760a-44e9-855b-0b7d42825a11",
            "description": null,
            "value": null,
            "created": "2024-07-03T10:40:27.188Z",
            "updated": "2024-07-03T10:40:27.188Z"
        }
    },
    {
        "model": "glamp.attributeglamp",
        "pk": 70,
        "fields": {
            "attribute": 21,
            "attribute_name": "Територія під охороною",
            "glamp": "fbe8918d-800e-4b0d-b05c-623e89db0751",
            "description": null,
            "value": null,
            "created": "2024-07-03T10:40:27.188Z",
            "updated": "2024-07-03T10:40:27.188Z"
        }
    },
    {
        "model": "glamp.attributeglamp",
        "pk": 71,
        "fields": {
            "attribute": 21,
            "attribute_name": "Камера схову",
            "glamp": "84164345-f85c-412e-9d68-68a313e3ed5a",
            "description": null,
            "value": null,
            "created": "2024-07-03T10:40:27.188Z",
            "updated": "2024-07-03T10:40:27.188Z"
        }
    },
    {
        "model": "glamp.attributeglamp",
        "pk": 72,
        "fields": {
            "attribute": 22,
            "attribute_name": "Без порогів",
            "glamp": "9e7cba8f-8692-47f8-858f-7b6cb961057c",
            "description": null,
            "value": null,
            "created": "2024-07-03T10:40:27.188Z",
            "updated": "2024-07-03T10:40:27.188Z"
        }
    },
    {
        "model": "glamp.attributeglamp",
        "pk": 73,
        "fields": {
            "attribute": 22,
            "attribute_name": "Без сходинок",
            "glamp": "12ee7ae4-21c7-4575-910c-9360357ed898",
            "description": null,
            "value": null,
            "created": "2024-07-03T10:40:27.188Z",
            "updated": "2024-07-03T10:40:27.188Z"
        }
    },
    {
        "model": "glamp.attributeglamp",
        "pk": 74,
        "fields": {
            "attribute": 22,
            "attribute_name": "Ванна з поручнями",
            "glamp": "fbe8918d-800e-4b0d-b05c-623e89db0751",
            "description": null,
            "value": null,
            "created": "2024-07-03T10:40:27.188Z",
            "updated": "2024-07-03T10:40:27.188Z"
        }
    },
    {
        "model": "glamp.attributeglamp",
        "pk": 75,
        "fields": {
            "attribute": 22,
            "attribute_name": "Туалет з поручнями",
            "glamp": "840d5db2-ed22-44dd-b9d5-7e9e63e02031",
            "description": null,
            "value": null,
            "created": "2024-07-03T10:40:27.188Z",
            "updated": "2024-07-03T10:40:27.188Z"
        }
    },
    {
        "model": "glamp.attributeglamp",
        "pk": 76,
        "fields": {
            "attribute": 22,
            "attribute_name": "Стілець для душу",
            "glamp": "84164345-f85c-412e-9d68-68a313e3ed5a",
            "description": null,
            "value": null,
            "created": "2024-07-03T10:40:27.188Z",
            "updated": "2024-07-03T10:40:27.188Z"
        }
    },
    {
        "model": "glamp.attributeglamp",
        "pk": 77,
        "fields": {
            "attribute": 22,
            "attribute_name": "Приміщення придатне для гостей на інвалідних візках",
            "glamp": "9e0b61e0-9b0c-4576-a708-cdadf774fec8",
            "description": null,
            "value": null,
            "created": "2024-07-03T10:40:27.188Z",
            "updated": "2024-07-03T10:40:27.188Z"
        }
    },
    {
        "model": "glamp.attributeglamp",
        "pk": 78,
        "fields": {
            "attribute": 22,
            "attribute_name": "Приміщення повністю знаходиться на першому поверсі",
            "glamp": "fbe8918d-800e-4b0d-b05c-623e89db0751",
            "description": null,
            "value": null,
            "created": "2024-07-03T10:40:27.188Z",
            "updated": "2024-07-03T10:40:27.188Z"
        }
    },
    {
        "model": "glamp.category",
        "pk": 1,
        "fields": {
            "name": "Базові зручності",
            "attribute": 1,
            "created": "2024-07-03T10:40:27.199Z",
            "updated": "2024-07-03T10:40:27.199Z"
        }
    },
    {
        "model": "glamp.category",
        "pk": 2,
        "fields": {
            "name": "Базові зручності",
            "attribute": 2,
            "created": "2024-07-03T10:40:27.199Z",
            "updated": "2024-07-03T10:40:27.199Z"
        }
    },
    {
        "model": "glamp.category",
        "pk": 3,
        "fields": {
            "name": "Базові зручності",
            "attribute": 3,
            "created": "2024-07-03T10:40:27.199Z",
            "updated": "2024-07-03T10:40:27.199Z"
        }
    },
    {
        "model": "glamp.category",
        "pk": 4,
        "fields": {
            "name": "Базові зручності",
            "attribute": 4,
            "created": "2024-07-03T10:40:27.199Z",
            "updated": "2024-07-03T10:40:27.199Z"
        }
    },
    {
        "model": "glamp.category",
        "pk": 5,
        "fields": {
            "name": "Базові зручності",
            "attribute": 5,
            "created": "2024-07-03T10:40:27.199Z",
            "updated": "2024-07-03T10:40:27.199Z"
        }
    },
    {
        "model": "glamp.category",
        "pk": 6,
        "fields": {
            "name": "Базові зручності",
            "attribute": 6,
            "created": "2024-07-03T10:40:27.199Z",
            "updated": "2024-07-03T10:40:27.199Z"
        }
    },
    {
        "model": "glamp.category",
        "pk": 7,
        "fields": {
            "name": "Базові зручності",
            "attribute": 7,
            "created": "2024-07-03T10:40:27.199Z",
            "updated": "2024-07-03T10:40:27.199Z"
        }
    },
    {
        "model": "glamp.category",
        "pk": 8,
        "fields": {
            "name": "Додаткові зручності",
            "attribute": 8,
            "created": "2024-07-03T10:40:27.199Z",
            "updated": "2024-07-03T10:40:27.199Z"
        }
    },
    {
        "model": "glamp.category",
        "pk": 9,
        "fields": {
            "name": "Додаткові зручності",
            "attribute": 9,
            "created": "2024-07-03T10:40:27.199Z",
            "updated": "2024-07-03T10:40:27.199Z"
        }
    },
    {
        "model": "glamp.category",
        "pk": 10,
        "fields": {
            "name": "Додаткові зручності",
            "attribute": 10,
            "created": "2024-07-03T10:40:27.199Z",
            "updated": "2024-07-03T10:40:27.199Z"
        }
    },
    {
        "model": "glamp.category",
        "pk": 11,
        "fields": {
            "name": "Додаткові зручності",
            "attribute": 11,
            "created": "2024-07-03T10:40:27.199Z",
            "updated": "2024-07-03T10:40:27.199Z"
        }
    },
    {
        "model": "glamp.category",
        "pk": 12,
        "fields": {
            "name": "Додаткові зручності",
            "attribute": 12,
            "created": "2024-07-03T10:40:27.199Z",
            "updated": "2024-07-03T10:40:27.199Z"
        }
    },
    {
        "model": "glamp.category",
        "pk": 13,
        "fields": {
            "name": "Додаткові зручності",
            "attribute": 13,
            "created": "2024-07-03T10:40:27.199Z",
            "updated": "2024-07-03T10:40:27.199Z"
        }
    },
    {
        "model": "glamp.category",
        "pk": 14,
        "fields": {
            "name": "Додаткові зручності",
            "attribute": 14,
            "created": "2024-07-03T10:40:27.199Z",
            "updated": "2024-07-03T10:40:27.199Z"
        }
    },
    {
        "model": "glamp.category",
        "pk": 15,
        "fields": {
            "name": "Додаткові зручності",
            "attribute": 15,
            "created": "2024-07-03T10:40:27.199Z",
            "updated": "2024-07-03T10:40:27.199Z"
        }
    },
    {
        "model": "glamp.category",
        "pk": 16,
        "fields": {
            "name": "Додаткові зручності",
            "attribute": 16,
            "created": "2024-07-03T10:40:27.199Z",
            "updated": "2024-07-03T10:40:27.199Z"
        }
    },
    {
        "model": "glamp.category",
        "pk": 17,
        "fields": {
            "name": "Додаткові зручності",
            "attribute": 17,
            "created": "2024-07-03T10:40:27.199Z",
            "updated": "2024-07-03T10:40:27.199Z"
        }
    },
    {
        "model": "glamp.category",
        "pk": 18,
        "fields": {
            "name": "Додаткові зручності",
            "attribute": 18,
            "created": "2024-07-03T10:40:27.199Z",
            "updated": "2024-07-03T10:40:27.199Z"
        }
    },
    {
        "model": "glamp.category",
        "pk": 19,
        "fields": {
            "name": "Спальня",
            "attribute": 42,
            "created": "2024-07-03T10:40:27.199Z",
            "updated": "2024-07-03T10:40:27.199Z"
        }
    },
    {
        "model": "glamp.category",
        "pk": 20,
        "fields": {
            "name": "Спальня",
            "attribute": 43,
            "created": "2024-07-03T10:40:27.199Z",
            "updated": "2024-07-03T10:40:27.199Z"
        }
    },
    {
        "model": "glamp.category",
        "pk": 21,
        "fields": {
            "name": "Спальня",
            "attribute": 44,
            "created": "2024-07-03T10:40:27.199Z",
            "updated": "2024-07-03T10:40:27.199Z"
        }
    },
    {
        "model": "glamp.category",
        "pk": 22,
        "fields": {
            "name": "Ванна",
            "attribute": 45,
            "created": "2024-07-03T10:40:27.199Z",
            "updated": "2024-07-03T10:40:27.199Z"
        }
    },
    {
        "model": "glamp.category",
        "pk": 23,
        "fields": {
            "name": "Ванна",
            "attribute": 46,
            "created": "2024-07-03T10:40:27.199Z",
            "updated": "2024-07-03T10:40:27.199Z"
        }
    },
    {
        "model": "glamp.category",
        "pk": 24,
        "fields": {
            "name": "Ванна",
            "attribute": 47,
            "created": "2024-07-03T10:40:27.199Z",
            "updated": "2024-07-03T10:40:27.199Z"
        }
    },
    {
        "model": "glamp.category",
        "pk": 25,
        "fields": {
            "name": "Кухня і харчування",
            "attribute": 48,
            "created": "2024-07-03T10:40:27.199Z",
            "updated": "2024-07-03T10:40:27.199Z"
        }
    },
    {
        "model": "glamp.category",
        "pk": 26,
        "fields": {
            "name": "Кухня і харчування",
            "attribute": 49,
            "created": "2024-07-03T10:40:27.199Z",
            "updated": "2024-07-03T10:40:27.199Z"
        }
    },
    {
        "model": "glamp.category",
        "pk": 27,
        "fields": {
            "name": "Кухня і харчування",
            "attribute": 50,
            "created": "2024-07-03T10:40:27.199Z",
            "updated": "2024-07-03T10:40:27.199Z"
        }
    },
    {
        "model": "glamp.category",
        "pk": 28,
        "fields": {
            "name": "Кухня і харчування",
            "attribute": 51,
            "created": "2024-07-03T10:40:27.199Z",
            "updated": "2024-07-03T10:40:27.199Z"
        }
    },
    {
        "model": "glamp.category",
        "pk": 29,
        "fields": {
            "name": "Кухня і харчування",
            "attribute": 52,
            "created": "2024-07-03T10:40:27.199Z",
            "updated": "2024-07-03T10:40:27.199Z"
        }
    },
    {
        "model": "glamp.category",
        "pk": 30,
        "fields": {
            "name": "Кухня і харчування",
            "attribute": 53,
            "created": "2024-07-03T10:40:27.199Z",
            "updated": "2024-07-03T10:40:27.199Z"
        }
    },
    {
        "model": "glamp.category",
        "pk": 31,
        "fields": {
            "name": "Кухня і харчування",
            "attribute": 54,
            "created": "2024-07-03T10:40:27.199Z",
            "updated": "2024-07-03T10:40:27.199Z"
        }
    },
    {
        "model": "glamp.typeglamp",
        "pk": 1,
        "fields": {
            "name": "Еко-будиночок",
            "created": "2024-07-03T10:38:58.818Z",
            "updated": "2024-07-03T10:38:58.818Z"
        }
    },
    {
        "model": "glamp.typeglamp",
        "pk": 2,
        "fields": {
            "name": "Тент",
            "created": "2024-07-03T10:38:58.819Z",
            "updated": "2024-07-03T10:38:58.819Z"
        }
    },
    {
        "model": "glamp.typeglamp",
        "pk": 3,
        "fields": {
            "name": "Купольний будинок",
            "created": "2024-07-03T10:38:58.819Z",
            "updated": "2024-07-03T10:38:58.819Z"
        }
    },
    {
        "model": "glamp.typeglamp",
        "pk": 4,
        "fields": {
            "name": "A-frame",
            "created": "2024-07-03T10:38:58.819Z",
            "updated": "2024-07-03T10:38:58.819Z"
        }
    },
    {
        "model": "glamp.typeglamp",
        "pk": 5,
        "fields": {
            "name": "Шатро",
            "created": "2024-07-03T10:38:58.819Z",
            "updated": "2024-07-03T10:38:58.819Z"
        }
    },
    {
        "model": "glamp.typeglamp",
        "pk": 6,
        "fields": {
            "name": "Юрта",
            "created": "2024-07-03T10:38:58.819Z",
            "updated": "2024-07-03T10:38:58.819Z"
        }
    },
    {
        "model": "glamp.typeglamp",
        "pk": 7,
        "fields": {
            "name": "Будинок на колесах",
            "created": "2024-07-03T10:38:58.819Z",
            "updated": "2024-07-03T10:38:58.819Z"
        }
    },
    {
        "model": "glamp.typeglamp",
        "pk": 8,
        "fields": {
            "name": "Будинок на дереві",
            "created": "2024-07-03T10:38:58.819Z",
            "updated": "2024-07-03T10:38:58.819Z"
        }
    },
    {
        "model": "glamp.typeglamp",
        "pk": 9,
        "fields": {
            "name": "Сафарі-тент",
            "created": "2024-07-03T10:38:58.819Z",
            "updated": "2024-07-03T10:38:58.819Z"
        }
    },
    {
        "model": "glamp.glamp",
        "pk": "012af3a3-3ce5-47e9-9247-ea4b3d112120",
        "fields": {
            "type_glamp": 2,
            "name": "Glamp 14",
            "address": 4,
            "description": "Description for Glamp 14",
            "capacity": 5,
            "price": "1400.00",
            "status": 2,
            "owner": 4,
            "created": "2023-01-14T12:00:00Z",
            "updated": "2023-01-14T12:00:00Z"
        }
    },
    {
        "model": "glamp.glamp",
        "pk": "02993e11-5995-442a-aaba-5a25689a67cb",
        "fields": {
            "type_glamp": 3,
            "name": "Glamp 7",
            "address": 2,
            "description": "Description for Glamp 7",
            "capacity": 10,
            "price": "700.00",
            "status": 3,
            "owner": 2,
            "created": "2023-01-07T12:00:00Z",
            "updated": "2023-01-07T12:00:00Z"
        }
    },
    {
        "model": "glamp.glamp",
        "pk": "03f7b6a3-0130-4285-811f-2fb3aaf457c1",
        "fields": {
            "type_glamp": 2,
            "name": "Glamp 18",
            "address": 3,
            "description": "Description for Glamp 18",
            "capacity": 9,
            "price": "1800.00",
            "status": 2,
            "owner": 3,
            "created": "2023-01-18T12:00:00Z",
            "updated": "2023-01-18T12:00:00Z"
        }
    },
    {
        "model": "glamp.glamp",
        "pk": "0dbcab5f-638d-4d7d-9b5e-599f3819efd6",
        "fields": {
            "type_glamp": 1,
            "name": "Glamp 1",
            "address": 1,
            "description": "Description for Glamp 1",
            "capacity": 5,
            "price": "150.00",
            "status": 1,
            "owner": 1,
            "created": "2023-01-01T12:00:00Z",
            "updated": "2023-01-01T12:00:00Z"
        }
    },
    {
        "model": "glamp.glamp",
        "pk": "12ee7ae4-21c7-4575-910c-9360357ed898",
        "fields": {
            "type_glamp": 2,
            "name": "Glamp 10",
            "address": 5,
            "description": "Description for Glamp 10",
            "capacity": 7,
            "price": "1000.00",
            "status": 2,
            "owner": 5,
            "created": "2023-01-10T12:00:00Z",
            "updated": "2023-01-10T12:00:00Z"
        }
    },
    {
        "model": "glamp.glamp",
        "pk": "161d6f5d-5256-413a-9140-503ed3394447",
        "fields": {
            "type_glamp": 1,
            "name": "Glamp 9",
            "address": 4,
            "description": "Description for Glamp 9",
            "capacity": 6,
            "price": "900.00",
            "status": 1,
            "owner": 4,
            "created": "2023-01-09T12:00:00Z",
            "updated": "2023-01-09T12:00:00Z"
        }
    },
    {
        "model": "glamp.glamp",
        "pk": "43936fcd-1714-4374-81c4-a2a60738aa12",
        "fields": {
            "type_glamp": 1,
            "name": "Glamp 5",
            "address": 5,
            "description": "Description for Glamp 5",
            "capacity": 8,
            "price": "500.00",
            "status": 1,
            "owner": 5,
            "created": "2023-01-05T12:00:00Z",
            "updated": "2023-01-05T12:00:00Z"
        }
    },
    {
        "model": "glamp.glamp",
        "pk": "699329e6-bde5-4a7c-a00a-a0dd91ab223c",
        "fields": {
            "type_glamp": 1,
            "name": "Glamp 17",
            "address": 2,
            "description": "Description for Glamp 17",
            "capacity": 8,
            "price": "1700.00",
            "status": 1,
            "owner": 2,
            "created": "2023-01-17T12:00:00Z",
            "updated": "2023-01-17T12:00:00Z"
        }
    },
    {
        "model": "glamp.glamp",
        "pk": "71f98905-32b9-4475-b1d4-8516d42eca11",
        "fields": {
            "type_glamp": 3,
            "name": "Glamp 19",
            "address": 4,
            "description": "Description for Glamp 19",
            "capacity": 10,
            "price": "1900.00",
            "status": 3,
            "owner": 4,
            "created": "2023-01-19T12:00:00Z",
            "updated": "2023-01-19T12:00:00Z"
        }
    },
    {
        "model": "glamp.glamp",
        "pk": "746683d1-4287-457a-a87c-6c8979b4a729",
        "fields": {
            "type_glamp": 4,
            "name": "Glamp 12",
            "address": 2,
            "description": "Description for Glamp 12",
            "capacity": 9,
            "price": "1200.00",
            "status": 4,
            "owner": 2,
            "created": "2023-01-12T12:00:00Z",
            "updated": "2023-01-12T12:00:00Z"
        }
    },
    {
        "model": "glamp.glamp",
        "pk": "840d5db2-ed22-44dd-b9d5-7e9e63e02031",
        "fields": {
            "type_glamp": 3,
            "name": "Glamp 11",
            "address": 1,
            "description": "Description for Glamp 11",
            "capacity": 8,
            "price": "1100.00",
            "status": 3,
            "owner": 1,
            "created": "2023-01-11T12:00:00Z",
            "updated": "2023-01-11T12:00:00Z"
        }
    },
    {
        "model": "glamp.glamp",
        "pk": "84164345-f85c-412e-9d68-68a313e3ed5a",
        "fields": {
            "type_glamp": 4,
            "name": "Glamp 4",
            "address": 4,
            "description": "Description for Glamp 4",
            "capacity": 7,
            "price": "400.00",
            "status": 4,
            "owner": 4,
            "created": "2023-01-04T12:00:00Z",
            "updated": "2023-01-04T12:00:00Z"
        }
    },
    {
        "model": "glamp.glamp",
        "pk": "94c6699f-eb22-4b41-b9e8-36bef4de4f56",
        "fields": {
            "type_glamp": 1,
            "name": "Glamp 13",
            "address": 3,
            "description": "Description for Glamp 13",
            "capacity": 10,
            "price": "1300.00",
            "status": 1,
            "owner": 3,
            "created": "2023-01-13T12:00:00Z",
            "updated": "2023-01-13T12:00:00Z"
        }
    },
    {
        "model": "glamp.glamp",
        "pk": "9e0b61e0-9b0c-4576-a708-cdadf774fec8",
        "fields": {
            "type_glamp": 3,
            "name": "Glamp 3",
            "address": 3,
            "description": "Description for Glamp 3",
            "capacity": 6,
            "price": "300.00",
            "status": 3,
            "owner": 3,
            "created": "2023-01-03T12:00:00Z",
            "updated": "2023-01-03T12:00:00Z"
        }
    },
    {
        "model": "glamp.glamp",
        "pk": "9e7cba8f-8692-47f8-858f-7b6cb961057c",
        "fields": {
            "type_glamp": 4,
            "name": "Glamp 20",
            "address": 5,
            "description": "Description for Glamp 20",
            "capacity": 5,
            "price": "2000.00",
            "status": 4,
            "owner": 5,
            "created": "2023-01-20T12:00:00Z",
            "updated": "2023-01-20T12:00:00Z"
        }
    },
    {
        "model": "glamp.glamp",
        "pk": "a4bdbbc7-e83e-4a02-a3c3-80a51961b9cc",
        "fields": {
            "type_glamp": 2,
            "name": "Glamp 6",
            "address": 1,
            "description": "Description for Glamp 6",
            "capacity": 9,
            "price": "600.00",
            "status": 2,
            "owner": 1,
            "created": "2023-01-06T12:00:00Z",
            "updated": "2023-01-06T12:00:00Z"
        }
    },
    {
        "model": "glamp.glamp",
        "pk": "e4af69dc-760a-44e9-855b-0b7d42825a11",
        "fields": {
            "type_glamp": 4,
            "name": "Glamp 16",
            "address": 1,
            "description": "Description for Glamp 16",
            "capacity": 7,
            "price": "1600.00",
            "status": 4,
            "owner": 1,
            "created": "2023-01-16T12:00:00Z",
            "updated": "2023-01-16T12:00:00Z"
        }
    },
    {
        "model": "glamp.glamp",
        "pk": "e9938ccc-b8b3-4fac-b6ac-e7cd489cc643",
        "fields": {
            "type_glamp": 3,
            "name": "Glamp 15",
            "address": 5,
            "description": "Description for Glamp 15",
            "capacity": 6,
            "price": "1500.00",
            "status": 3,
            "owner": 5,
            "created": "2023-01-15T12:00:00Z",
            "updated": "2023-01-15T12:00:00Z"
        }
    },
    {
        "model": "glamp.glamp",
        "pk": "f53467c4-0c39-4324-a045-aa698005149e",
        "fields": {
            "type_glamp": 4,
            "name": "Glamp 8",
            "address": 3,
            "description": "Description for Glamp 8",
            "capacity": 5,
            "price": "800.00",
            "status": 4,
            "owner": 3,
            "created": "2023-01-08T12:00:00Z",
            "updated": "2024-07-04T09:12:36.993Z"
        }
    },
    {
        "model": "glamp.glamp",
        "pk": "fbe8918d-800e-4b0d-b05c-623e89db0751",
        "fields": {
            "type_glamp": 2,
            "name": "Glamp 2",
            "address": 2,
            "description": "Description for Glamp 2",
            "capacity": 8,
            "price": "200.00",
            "status": 2,
            "owner": 2,
            "created": "2023-01-02T12:00:00Z",
            "updated": "2023-01-02T12:00:00Z"
        }
    }
]